{"Outskirts":[-2998.446044921875,358.50579833984377,-1307.319580078125],"Headquarters":[5671.1904296875,574.61865234375,4708.18310546875],"Shopping Street":[-734.4498291015625,252.90579223632813,1129.906494140625],"DevilVault":[5505.56103515625,88.3689193725586,4731.87109375],"Yakuza":[5266.015625,200.89866638183595,4485.6181640625],"Residential Area":[-2141.221435546875,358.50579833984377,-204.45822143554688],"China Town":[152.10325622558595,240.49607849121095,-330.58087158203127]}