{"Mysterious Hotel":[-2753.715087890625,11.656021118164063,146.91827392578126],"Worm":[-1671.256103515625,6.2037353515625,395.84552001953127],"Mika":[-587.9624633789063,5.800244331359863,202.4474334716797],"Hotel Owner":[-2552.32177734375,5.798981189727783,154.99224853515626],"Yakuza Leader":[-1133.8751220703126,6.249795913696289,-994.571044921875],"Tony":[-1091.257080078125,5.8193840980529789,-425.0329895019531],"Black Market":[-1008.0567016601563,5.477657318115234,1329.1800537109376],"John":[-1081.30908203125,5.819384574890137,-433.447265625],"Floor1":[5668.48046875,194.48471069335938,4751.97802734375],"Yakuza Infiltration":[382.5816345214844,11.800888061523438,944.3335571289063],"Yakuza Contract Swapper":[-1152.781005859375,6.34900426864624,-984.2108764648438],"Yakuza Assistant":[-1132.3897705078126,5.926583290100098,-991.06884765625],"Division 6 Captain":[5797.419921875,231.42137145996095,4540.8525390625],"Beni":[-651.640625,5.605761528015137,91.6805419921875],"Injured Bat Women":[-626.1895141601563,5.755766868591309,-253.18896484375],"Senior Devil Hunter":[-588.89599609375,5.761000156402588,263.8590087890625],"Floor3":[5668.4794921875,211.62696838378907,4900.06787109375],"EntranceHQMain":[-652.233642578125,7.040209770202637,279.536865234375],"Contract Swapper":[5658.0234375,3.0604970455169679,4756.474609375],"Skateboard Seller":[-912.1920776367188,5.820768356323242,-570.9606323242188],"EntranceHQRoof":[-737.085693359375,153.80499267578126,434.5621337890625],"Shun’ei":[-963.5297241210938,126.81501770019531,-2552.5087890625],"Curse Devil":[5668.5146484375,7.918914794921875,4795.92138671875],"ExitHQRoof":[5675.33251953125,232.14686584472657,4831.22705078125],"officechair":[-1134.375732421875,5.941827774047852,-994.7823486328125],"Floor2":[5669.0107421875,233.2422332763672,4752.06591796875],"Future Devil":[5737.90234375,11.232999801635743,4801.01513671875],"Keeper Renji":[196.3157501220703,5.817663669586182,-329.6750793457031],"Ryusei":[-1058.8350830078126,126.81502532958985,-2405.742431640625],"Blood Fiend":[5691.3818359375,192.71884155273438,4532.509765625],"Nomo":[-1046.51904296875,5.808919906616211,-6.022712707519531],"Katana":[5519.23779296875,195.8058319091797,4661.4013671875],"1911":[5550.8369140625,195.0561065673828,4629.1416015625],"Yakuza Contract Debuff Spinner":[-1157.524658203125,6.289004802703857,-984.2002563476563],"Soen":[-990.8866577148438,126.81502532958985,-2415.968994140625],"Watering Can":[-2698.400390625,19.519826889038087,-1236.300048828125],"Gensho":[-902.761962890625,126.81502532958985,-2371.411376953125],"Emi":[-2550.746826171875,5.798981189727783,172.12840270996095],"Shun":[-2556.83544921875,5.877379417419434,74.7568359375],"sofa_02_1k3":[-1155.83544921875,5.412415981292725,-1004.7307739257813],"ExitYakuza":[5258.2763671875,121.9748764038086,4529.42578125],"Shunryu":[-1071.202880859375,126.81502532958985,-2522.35791015625],"EnterYakuza":[-1182.93701171875,24.022846221923829,-978.91162109375],"Division 5 Captain":[5533.22216796875,231.3929901123047,4560.9873046875],"Ryoshin":[-996,84.35662078857422,-2264.395263671875],"Rob":[-970.4476928710938,5.8057684898376469,-464.7611999511719],"Afraid Devil Hunter":[67.6500244140625,8.108749389648438,-1432.320068359375],"Contract Debuff Spinner":[5713.125,3.104494094848633,4755.22998046875],"Contract Terminator":[5644.5126953125,3.115577459335327,4738.0380859375],"Yakuza Contract Terminator":[-1153.133544921875,6.169004917144775,-1003.9593505859375],"Shark Devil":[5601.47314453125,11.399208068847657,4798.6025390625],"Ren":[-715.9080200195313,5.838103294372559,239.8204345703125],"Crafting Station":[5798.240234375,193.81405639648438,4578.41015625],"ExitHQBack":[5741.5615234375,194.88833618164063,4716.31396484375],"Floor0":[5648.2255859375,4.83038330078125,4693.65283203125],"Division 2 Captain":[5833.2353515625,192.58998107910157,4574.193359375],"Division 3 Captain":[5793.109375,192.2420654296875,4654.40478515625],"Sofa":[-1154.802978515625,5.284607887268066,-983.619873046875],"Division 4 Captain":[5562.94677734375,231.768798828125,4654.72412109375],"Background Monk":[-1014.2058715820313,127.00668334960938,-2625.21142578125],"Kitchen Knife":[5566.36083984375,195.2729949951172,4629.2099609375],"Zombie Devil Warehouse":[38.78840637207031,14.036430358886719,-1443.8841552734376],"Rick":[-1100.870849609375,5.805766582489014,-430.4739685058594],"Clothing Seller":[-711.6393432617188,7.10660457611084,-573.8961181640625],"VaultDoor":[5599.498046875,5.2302565574646,4759.86083984375],"Division 1 Captain":[5533.3681640625,192.83837890625,4578.94775390625],"Mold Devil":[-669.0548095703125,4.427123069763184,-1275.6697998046876],"Broad Axe":[5519.21044921875,195.74424743652345,4646.45166015625],"Kaito Moriyama":[-626.1895141601563,5.755766868591309,-250.18896484375],"Starter Devil Hunter":[5643.93505859375,192.64833068847657,4510.208984375],"TemptationModel":[-590.486572265625,6.661219120025635,1234.4207763671876],"EntranceHQBack":[-516.768798828125,9.675622940063477,523.8215942382813],"Snake Devil":[-2912.93115234375,-2.275156259536743,-2181.147705078125],"Fisherman":[-1992.0323486328126,2.7057862281799318,444.62152099609377],"lettuce":[-2819.653076171875,17.15524673461914,-1393.9088134765626],"Homeless Man":[-1457.2332763671876,5.724275588989258,164.46572875976563],"Surgery Kit":[5812.7705078125,193.45309448242188,4556.54296875],"Harold":[-1086.559814453125,5.770255088806152,-438.26934814453127],"Walking Background Monk":[-1088.2344970703126,126.81501770019531,-2446.25537109375],"Meowy":[-1284.116455078125,73.95256805419922,285.4664306640625],"Daigan":[-1018.8946533203125,80.99999237060547,-2224.485107421875],"Blood Fiend_Cat":[-1184.9434814453126,5.804275989532471,221.53982543945313],"Old Lady":[-1992.323486328125,5.31915283203125,-423.48260498046877],"Violence Fiend":[-1309.242919921875,5.715034484863281,-400.5853271484375],"Farmer":[-2571.63330078125,24.571439743041993,-1269.80615234375],"Bat Devil":[-2009.988525390625,131.8378448486328,-3736.30078125],"ExitHQMain":[5662.8251953125,194.3255615234375,4509.7978515625],"Pawn Shop":[-1004.3468627929688,6.144552707672119,-495.9760437011719],"Hirumi":[330.5857238769531,5.184867858886719,733.9916381835938]}